Workbook
Name ItemEval: [1]!Table2[ItemEval]

Sheet Team and Self Assessment
A1: LAPR3 Project Team and Self-assessment v4.0
A2: Fill in the cells with a blue background
A4: TeamID # | B4: 94 | C4: (e.g. 101)
A6: How do you grade yourself and your peers? | E6: READ the Instructions below the table!!!
E8: List B
D9: =C10 -> 1230462 Diogo Veiros | E9: =C11 -> 1230948 Diogo Pereira | F9: =C12 -> 1230917 Tiago Sampaio | G9: =C13 -> 1211846 Vicente Sousa | H9: =C14 -> 1221911 Bruno Lourenço | I9: =C15 -> 1220604 Rodrigo Correia | J9: =C16 -> Student 7 No. + 1st name+last name | K9: =C17 -> Student 8 No. + 1st name+last name | L9: Average
B10: List A | C10: 1230462 Diogo Veiros | D10: 5 | E10: 5 | F10: 4 | G10: 4 | L10: =AVERAGE(D10:K10) -> 4.5
C11: 1230948 Diogo Pereira | D11: 5 | E11: 5 | F11: 4 | G11: 4 | L11: =AVERAGE(D11:K11) -> 4.5 | O11: Self-assessment
C12: 1230917 Tiago Sampaio | D12: 4 | E12: 4 | F12: 4 | G12: 3 | L12: =AVERAGE(D12:K12) -> 3.75
C13: 1211846 Vicente Sousa | D13: 5 | E13: 5 | F13: 5 | G13: 4 | L13: =AVERAGE(D13:K13) -> 4.75
C14: 1221911 Bruno Lourenço | L14: =AVERAGE(D14:K14) -> #DIV/0!
C15: 1220604 Rodrigo Correia | L15: =AVERAGE(D15:K15) -> #DIV/0!
C16: Student 7 No. + 1st name+last name | L16: =AVERAGE(D16:K16) -> #DIV/0!
C17: Student 8 No. + 1st name+last name | L17: =AVERAGE(D17:K17) -> #DIV/0!
C18: Average | D18: =AVERAGE(D10:D17) -> 4.75 | E18: =AVERAGE(E10:E17) -> 4.75 | F18: =AVERAGE(F10:F17) -> 4.25 | G18: =AVERAGE(G10:G17) -> 3.75 | H18: =AVERAGE(H10:H17) -> #DIV/0! | I18: =AVERAGE(I10:I17) -> #DIV/0! | J18: =AVERAGE(J10:J17) -> #DIV/0! | K18: =AVERAGE(K10:K17) -> #DIV/0!
A20: Instructions for Students:
A22: Write your student numbers and name in Colum C from row 10 to 17 (according to the students in your team).
A23: Student from List A should assess the student on List B with a grade from 0 to 5.
A24: On the diagonal Students should fill their self-assessment (darker blue cells)
A25: 0 | B25: 0% - Unaceptable
A26: 1 | B26: 25% - Unsatisfactory | G26: Students must fill in the following sheets:
A27: 2 | B27: 50% - Acceptable | G27: - Team and Self-assessment
A28: 3 | B28: 75% - Good | G28: - User Stories
A29: 4 | B29: 90% - Very Good
A30: 5 | B30: 100% - Excellent

Sheet User Stories
A1: User Stories
A3: User Story ID # | B3: Student Responsible for User Story | C3: User Story Assessment [0-5] | D3: Remarks | E3: 0 | F3: 1 | G3: 2 | H3: 3 | I3: 4 | J3: 5
E4: Unacceptable / Not Implemented. | F4: Emerging / Implementation Attempt. | G4: Minimally Acceptable / Many Defects | H4: Acceptable / Little Defects | I4: Accomplished / Correct | J4: Exemplary
E5: No solution has been developed for the requirements | F5: Most of the requirements have not been met | G5: Most of the requirements were minimally fulfilled, although with some flaws | H5: All requirements have been met almost in their entirety | I5: All requirements have been met completely. | J5: The students have exceeded expectations
A6: USBD20 | B6: 1230462 Diogo Veiros | C6: 4 | D6: Assigned to ALL and made by all | E6: No solution has been developed for the requirements | F6: Most of the requirements have not been met | G6: Most of the requirements were minimally fulfilled, although with some flaws | H6: All requirements have been met almost in their entirety | I6: All requirements have been met completely. | J6: The students have exceeded expectations
A7: USBD21 | B7: 1230462 Diogo Veiros | C7: 4 | D7: Assigned to ALL and made by all | E7: No solution has been developed for the requirements | F7: Most of the requirements have not been met | G7: Most of the requirements were minimally fulfilled, although with some flaws | H7: All requirements have been met almost in their entirety | I7: All requirements have been met completely. | J7: The students have exceeded expectations
A8: USBD22 | B8: 1230462 Diogo Veiros | C8: 4 | D8: Assigned to ALL and made by all | E8: No solution has been developed for the requirements | F8: Most of the requirements have not been met | G8: Most of the requirements were minimally fulfilled, although with some flaws | H8: All requirements have been met almost in their entirety | I8: All requirements have been met completely. | J8: The students have exceeded expectations
A9: USBD23 | B9: 1230462 Diogo Veiros | C9: 4 | D9: Assigned to ALL and made by all | E9: No solution has been developed for the requirements | F9: Most of the requirements have not been met | G9: Most of the requirements were minimally fulfilled, although with some flaws | H9: All requirements have been met almost in their entirety | I9: All requirements have been met completely. | J9: The students have exceeded expectations
A10: USBD24 | B10: 1211846 Vicente Sousa | C10: 4 | E10: No solution has been developed for the requirements | F10: Most of the requirements have not been met | G10: Most of the requirements were minimally fulfilled, although with some flaws | H10: All requirements have been met almost in their entirety | I10: All requirements have been met completely. | J10: The students have exceeded expectations
A11: USBD25 | B11: 1211846 Vicente Sousa | C11: 4 | E11: No solution has been developed for the requirements | F11: Most of the requirements have not been met | G11: Most of the requirements were minimally fulfilled, although with some flaws | H11: All requirements have been met almost in their entirety | I11: All requirements have been met completely. | J11: The students have exceeded expectations
A12: USBD26 | B12: 1230948 Diogo Pereira | C12: 4 | E12: No solution has been developed for the requirements | F12: Most of the requirements have not been met | G12: Most of the requirements were minimally fulfilled, although with some flaws | H12: All requirements have been met almost in their entirety | I12: All requirements have been met completely. | J12: The students have exceeded expectations
A13: USBD27 | B13: 1230917 Tiago Sampaio | C13: 4 | E13: No solution has been developed for the requirements | F13: Most of the requirements have not been met | G13: Most of the requirements were minimally fulfilled, although with some flaws | H13: All requirements have been met almost in their entirety | I13: All requirements have been met completely. | J13: The students have exceeded expectations
A14: USBD28 | B14: 1230462 Diogo Veiros | C14: 4 | E14: No solution has been developed for the requirements | F14: Most of the requirements have not been met | G14: Most of the requirements were minimally fulfilled, although with some flaws | H14: All requirements have been met almost in their entirety | I14: All requirements have been met completely. | J14: The students have exceeded expectations
A15: USEI17 | B15: 1230948 Diogo Pereira | C15: 5 | E15: No solution has been developed for the requirements | F15: Most of the requirements have not been met | G15: Most of the requirements were minimally fulfilled, although with some flaws | H15: All requirements have been met almost in their entirety | I15: All requirements have been met completely. | J15: The students have exceeded expectations
A16: USEI18 | B16: 1211846 Vicente Sousa | C16: 5 | E16: No solution has been developed for the requirements | F16: Most of the requirements have not been met | G16: Most of the requirements were minimally fulfilled, although with some flaws | H16: All requirements have been met almost in their entirety | I16: All requirements have been met completely. | J16: The students have exceeded expectations
A17: USEI19 | B17: 1211846 Vicente Sousa | C17: 5 | E17: No solution has been developed for the requirements | F17: Most of the requirements have not been met | G17: Most of the requirements were minimally fulfilled, although with some flaws | H17: All requirements have been met almost in their entirety | I17: All requirements have been met completely. | J17: The students have exceeded expectations
A18: USEI20 | B18: 1230462 Diogo Veiros | C18: 5 | E18: No solution has been developed for the requirements | F18: Most of the requirements have not been met | G18: Most of the requirements were minimally fulfilled, although with some flaws | H18: All requirements have been met almost in their entirety | I18: All requirements have been met completely. | J18: The students have exceeded expectations
A19: USEI21 | B19: 1230948 Diogo Pereira | C19: 5 | E19: No solution has been developed for the requirements | F19: Most of the requirements have not been met | G19: Most of the requirements were minimally fulfilled, although with some flaws | H19: All requirements have been met almost in their entirety | I19: All requirements have been met completely. | J19: The students have exceeded expectations
A20: USEI22 | B20: 1230462 Diogo Veiros | C20: 5 | E20: No solution has been developed for the requirements | F20: Most of the requirements have not been met | G20: Most of the requirements were minimally fulfilled, although with some flaws | H20: All requirements have been met almost in their entirety | I20: All requirements have been met completely. | J20: The students have exceeded expectations
A21: USEI23 | B21: 1230917 Tiago Sampaio | C21: 4 | E21: No solution has been developed for the requirements | F21: Most of the requirements have not been met | G21: Most of the requirements were minimally fulfilled, although with some flaws | H21: All requirements have been met almost in their entirety | I21: All requirements have been met completely. | J21: The students have exceeded expectations
A22: USEI24 | B22: 1230917 Tiago Sampaio | C22: 4 | E22: No solution has been developed for the requirements | F22: Most of the requirements have not been met | G22: Most of the requirements were minimally fulfilled, although with some flaws | H22: All requirements have been met almost in their entirety | I22: All requirements have been met completely. | J22: The students have exceeded expectations
A23: USLP06 | B23: 1230462 Diogo Veiros | C23: 5 | D23: Assigned to ALL and made by all | E23: No solution has been developed for the requirements | F23: Most of the requirements have not been met | G23: Most of the requirements were minimally fulfilled, although with some flaws | H23: All requirements have been met almost in their entirety | I23: All requirements have been met completely. | J23: The students have exceeded expectations
A24: USLP07 | B24: 1211846 Vicente Sousa | C24: 4 | D24: Assigned to ALL and made by all | E24: No solution has been developed for the requirements | F24: Most of the requirements have not been met | G24: Most of the requirements were minimally fulfilled, although with some flaws | H24: All requirements have been met almost in their entirety | I24: All requirements have been met completely. | J24: The students have exceeded expectations
A25: USLP08 | B25: 1230948 Diogo Pereira | C25: 5 | D25: Assigned to ALL and made by all | E25: No solution has been developed for the requirements | F25: Most of the requirements have not been met | G25: Most of the requirements were minimally fulfilled, although with some flaws | H25: All requirements have been met almost in their entirety | I25: All requirements have been met completely. | J25: The students have exceeded expectations
A26: USAC11 | B26: 1230462 Diogo Veiros | C26: 5 | D26: Assigned to ALL and made by all | E26: No solution has been developed for the requirements | F26: Most of the requirements have not been met | G26: Most of the requirements were minimally fulfilled, although with some flaws | H26: All requirements have been met almost in their entirety | I26: All requirements have been met completely. | J26: The students have exceeded expectations
A27: USAC12 | B27: 1230462 Diogo Veiros | C27: 3 | D27: Assigned to ALL and made by all | E27: No solution has been developed for the requirements | F27: Most of the requirements have not been met | G27: Most of the requirements were minimally fulfilled, although with some flaws | H27: All requirements have been met almost in their entirety | I27: All requirements have been met completely. | J27: The students have exceeded expectations
A28: USAC13 | B28: 1230462 Diogo Veiros | C28: 1 | D28: Assigned to ALL and made by all | E28: No solution has been developed for the requirements | F28: Most of the requirements have not been met | G28: Most of the requirements were minimally fulfilled, although with some flaws | H28: All requirements have been met almost in their entirety | I28: All requirements have been met completely. | J28: The students have exceeded expectations
A29: USAC14 | B29: 1230917 Tiago Sampaio | C29: 4 | E29: No solution has been developed for the requirements | F29: Most of the requirements have not been met | G29: Most of the requirements were minimally fulfilled, although with some flaws | H29: All requirements have been met almost in their entirety | I29: All requirements have been met completely. | J29: The students have exceeded expectations
A30: USAC15 | B30: 1220604 Rodrigo Correia | C30: 3 | E30: No solution has been developed for the requirements | F30: Most of the requirements have not been met | G30: Most of the requirements were minimally fulfilled, although with some flaws | H30: All requirements have been met almost in their entirety | I30: All requirements have been met completely. | J30: The students have exceeded expectations
A31: USAC16 | B31: 1230462 Diogo Veiros | C31: 2 | E31: No solution has been developed for the requirements | F31: Most of the requirements have not been met | G31: Most of the requirements were minimally fulfilled, although with some flaws | H31: All requirements have been met almost in their entirety | I31: All requirements have been met completely. | J31: The students have exceeded expectations
A32: USAC17 | B32: 1230948 Diogo Pereira | C32: 4 | E32: No solution has been developed for the requirements | F32: Most of the requirements have not been met | G32: Most of the requirements were minimally fulfilled, although with some flaws | H32: All requirements have been met almost in their entirety | I32: All requirements have been met completely. | J32: The students have exceeded expectations
A33: USAC18 | B33: 1221911 Bruno Lourenço | C33: 3 | E33: No solution has been developed for the requirements | F33: Most of the requirements have not been met | G33: Most of the requirements were minimally fulfilled, although with some flaws | H33: All requirements have been met almost in their entirety | I33: All requirements have been met completely. | J33: The students have exceeded expectations
A34: USFA3 | B34: 1230917 Tiago Sampaio | C34: 4 | D34: Assigned to ALL and made by all | E34: No solution has been developed for the requirements | F34: Most of the requirements have not been met | G34: Most of the requirements were minimally fulfilled, although with some flaws | H34: All requirements have been met almost in their entirety | I34: All requirements have been met completely. | J34: The students have exceeded expectations
E35: No solution has been developed for the requirements | F35: Most of the requirements have not been met | G35: Most of the requirements were minimally fulfilled, although with some flaws | H35: All requirements have been met almost in their entirety | I35: All requirements have been met completely. | J35: The students have exceeded expectations
E36: No solution has been developed for the requirements | F36: Most of the requirements have not been met | G36: Most of the requirements were minimally fulfilled, although with some flaws | H36: All requirements have been met almost in their entirety | I36: All requirements have been met completely. | J36: The students have exceeded expectations
E37: No solution has been developed for the requirements | F37: Most of the requirements have not been met | G37: Most of the requirements were minimally fulfilled, although with some flaws | H37: All requirements have been met almost in their entirety | I37: All requirements have been met completely. | J37: The students have exceeded expectations

Sheet Project Development
A1: Project Development Self-Assessment
A3: Rubric | B3: Weight | C3: ='Team and Self Assessment'!C10 -> 1230462 Diogo Veiros | D3: ='Team and Self Assessment'!C11 -> 1230948 Diogo Pereira | E3: ='Team and Self Assessment'!C12 -> 1230917 Tiago Sampaio | F3: ='Team and Self Assessment'!C13 -> 1211846 Vicente Sousa | G3: ='Team and Self Assessment'!C14 -> 1221911 Bruno Lourenço | H3: ='Team and Self Assessment'!C15 -> 1220604 Rodrigo Correia | I3: ='Team and Self Assessment'!C16 -> Student 7 No. + 1st name+last name | J3: ='Team and Self Assessment'!C17 -> Student 8 No. + 1st name+last name | K3: Average | L3: =0 -> 0 | M3: =1 -> 1 | N3: =2 -> 2 | O3: =3 -> 3 | P3: =4 -> 4 | Q3: =5 -> 5 | R3: Teacher Assessment | S3: Remarks
A4: Commit Messages | B4: 0.1 | C4: 5 | D4: 5 | E4: 4 | F4: 4 | K4: =AVERAGE(C4:J4) -> 4.5 | L4: Less than 25% of commits have a well-formed commit message | M4: About 25% of commits have a well-formed commit message | N4: 2 – Not Applicable | O4: About 50% of commits have a well-formed commit message | P4: At least 90% of commits have a well-formed commit message | Q4: All commits have a well-formed commit message
A5: Documentation | B5: 0.2 | C5: 4 | D5: 4 | E5: 4 | F5: 4 | K5: =AVERAGE(C5:J5) -> 4 | L5: No report or documentation. | M5: Has at least a solution Domain Model or Relational Model or Class Diagram. | N5: Has at least a solution Domain Model or Relational Model or Class Diagram, and some user stories have been documented. | O5: Has a solution Domain Model and Relational Model and Class Diagram, and most user stories have been documented. | P5: Has a solution Domain Model and Relational Model and Class Diagram, and all user stories have been documented. | Q5: The students have exceeded expectations
A6: Requirements | B6: 0.5 | C6: 4 | D6: 4 | E6: 4 | F6: 4 | K6: =AVERAGE(C6:J6) -> 4 | L6: No solution has been developed for the requirements | M6: Most of the requirements have not been met | N6: Most of the requirements were minimally fulfilled, although with some flaws | O6: All requirements have been met almost in their entirety | P6: All requirements have been met completely. | Q6: The students have exceeded expectations
A7: Sprint Review / Demonstration | B7: 0.2 | C7: 4 | D7: 4 | E7: 4 | F7: 4 | K7: =AVERAGE(C7:J7) -> 4 | L7: Without any kind of preparation | M7: There was some preparation | N7: There was some preparation but with flaws in the demonstration data and the speech | O7: There was a good preparation but with flaws in the speech | P7: There was good preparation with no flaws in the demonstration data | Q7: The students have exceeded expectations
A8: Total | B8: =SUM(B4:B7) -> 1 | C8: =SUMPRODUCT(C4:C7,$B$4:$B$7) -> 4.1 | D8: =SUMPRODUCT(D4:D7,$B$4:$B$7) -> 4.1 | E8: =SUMPRODUCT(E4:E7,$B$4:$B$7) -> 4 | F8: 4 | G8: =SUMPRODUCT(G4:G7,$B$4:$B$7) -> 0 | H8: =SUMPRODUCT(H4:H7,$B$4:$B$7) -> 0 | I8: =SUMPRODUCT(I4:I7,$B$4:$B$7) -> 0 | J8: =SUMPRODUCT(J4:J7,$B$4:$B$7) -> 0
A9: Total (0-20) | C9: =C8/5*20 -> 16.4 | D9: =D8/5*20 -> 16.4 | E9: =E8/5*20 -> 16 | F9: =F8/5*20 -> 16 | G9: =G8/5*20 -> 0 | H9: =H8/5*20 -> 0 | I9: =I8/5*20 -> 0 | J9: =J8/5*20 -> 0

Sheet Project Management
A1: Project Management Team Assessment
A3: Rubric | B3: Weight | C3: ='Team and Self Assessment'!C10 -> 1230462 Diogo Veiros | D3: ='Team and Self Assessment'!C11 -> 1230948 Diogo Pereira | E3: ='Team and Self Assessment'!C12 -> 1230917 Tiago Sampaio | F3: ='Team and Self Assessment'!C13 -> 1211846 Vicente Sousa | G3: ='Team and Self Assessment'!C14 -> 1221911 Bruno Lourenço | H3: ='Team and Self Assessment'!C15 -> 1220604 Rodrigo Correia | I3: ='Team and Self Assessment'!C16 -> Student 7 No. + 1st name+last name | J3: ='Team and Self Assessment'!C17 -> Student 8 No. + 1st name+last name | K3: Average | L3: =0 -> 0 | M3: =1 -> 1 | N3: =2 -> 2 | O3: =3 -> 3 | P3: =4 -> 4 | Q3: =5 -> 5 | R3: Teacher Assessment | S3: Remarks
A4: Sprint Backlog | B4: 0.1 | C4: 5 | D4: 5 | E4: 4 | F4: 3 | K4: =AVERAGE(C4:J4) -> 4.25 | L4: Sprint backlog not created or created with less than 50% of US | M4: Sprint backlog created with more than 50% of US and added tasks, bugs and epics (if applicable) | N4: All US inserted, with syntax correction, added additional notes with mode detail, annex and other information in some US | O4: US with correct syntax, additional detail in notes and annex in most issues | P4: All the previous plus added the correct categorizations to issues and inserted the issues for Scrum events (Dailly meeting, retrospective, review) | Q4: All the previous and inserted correctly additional US based on team judgement and Project Management requirements (Reviews and other requirements for each sprint)
A5: Task splitting from User Stories | B5: 0.1 | C5: 5 | D5: 5 | E5: 3 | F5: 3 | K5: =AVERAGE(C5:J5) -> 4 | L5: No decomposition of tasks | M5: Less than 25% of US were decomposed in sub-tasks | N5: Tasks decomposition in 26%-75% of US with more than 2 sub-tasks | O5: Decomposition in more 76% - 90% of US with more than 3 sub-tasks | P5: More than 91% of US with decomposition and even distribution of tasks among team members | Q5: One sub task per day per team member
A6: User Stories prioritization | B6: 0.05 | C6: 5 | D6: 5 | E6: 4 | F6: 4 | K6: =AVERAGE(C6:J6) -> 4.5 | L6: None | M6: Less than 50% of US were prioritized | N6: More than 51% were prioritized | O6: Between 75%-90% with correct distribution | P6: More than 90% with correct distribution | Q6: All US prioritized with correct distribution
A7: User Stories estimation | B7: 0.05 | C7: 4 | D7: 4 | E7: 4 | F7: 4 | K7: =AVERAGE(C7:J7) -> 4 | L7: None | M7: Less than 25% of US estimated | N7: Between 26% and 75% US estimated | O7: Between 76% and 90% US estimated | P7: All US estimated | Q7: All US estimated with evidence of different techniques used
A8: Daily Meeting occurrences and registered on Project-Board | B8: 0.1 | C8: 3 | D8: 5 | E8: 4 | F8: 3 | K8: =AVERAGE(C8:J8) -> 3.75 | L8: None | M8: Less than 25% registered | N8: Between 25% and 50% registered | O8: Between 51% and 75% registered | P8: Between 76% and 100% registered | Q8: All registered with outstanding evidence
A9: Daily Progress registered | B9: 0.05 | C9: 5 | D9: 5 | E9: 5 | F9: 3 | K9: =AVERAGE(C9:J9) -> 4.5 | L9: none | M9: Less than 25% with evidence of status change | O9: More than 50% with correct status change and comments on issues | Q9: All tasks with correct status change, comments and working hours inserted
A10: Retrospective registered | B10: 0.1 | C10: 4 | D10: 4 | E10: 4 | F10: 3 | K10: =AVERAGE(C10:J10) -> 3.75 | L10: none | M10: Made with low quality and relevance | N10: Good content but method and record with low quality | O10: Good content with good method and record | P10: Good content method and record with good improvement plan | Q10: Excellent content, method and record with excellent improvement plan and actions inserted in tasks
A11: Insights registered on SPRINT Report | B11: 0.1 | C11: 4 | D11: 4 | E11: 4 | F11: 3 | K11: =AVERAGE(C11:J11) -> 3.75 | L11: none | M11: Present but with errors | N11: Low quality | O11: Medium quality | P11: Good quality | Q11: Excellent
A12: Sprint Review Demonstration | B12: 0.1 | C12: 4 | D12: 4 | E12: 4 | F12: 4 | K12: =AVERAGE(C12:J12) -> 4 | L12: none | M12: Present but with errors | N12: Low quality | O12: Medium quality | P12: Good quality | Q12: Excellent
A13: Percentage of Sprint conclusion | B13: 0.1 | C13: 4 | D13: 4 | E13: 4 | F13: 4 | K13: =AVERAGE(C13:J13) -> 4 | L13: No sprint execution | M13: Between 0-30% executed | N13: Between 31-50% executed | O13: Between 51-75% executed | P13: Between 76-95% executed | Q13: More than 96% executed
A14: Overall Sprint management | B14: 0.15 | C14: 5 | D14: 5 | E14: 4 | F14: 4 | K14: =AVERAGE(C14:J14) -> 4.5 | L14: none | M14: Present but with errors | N14: Low quality | O14: Medium quality | P14: Good quality | Q14: Excellent
A15: Total | B15: =SUM(B4:B14) -> 1 | C15: =SUMPRODUCT(C4:C14,$B$4:$B$14) -> 4.35 | D15: =SUMPRODUCT(D4:D14,$B$4:$B$14) -> 4.55 | E15: =SUMPRODUCT(E4:E14,$B$4:$B$14) -> 3.95 | F15: =SUMPRODUCT(F4:F14,$B$4:$B$14) -> 3.45 | G15: =SUMPRODUCT(G4:G14,$B$4:$B$14) -> 0 | H15: =SUMPRODUCT(H4:H14,$B$4:$B$14) -> 0 | I15: =SUMPRODUCT(I4:I14,$B$4:$B$14) -> 0 | J15: =SUMPRODUCT(J4:J14,$B$4:$B$14) -> 0
A16: Total (0-20) | C16: =C15/5*20 -> 17.4 | D16: =D15/5*20 -> 18.2 | E16: =E15/5*20 -> 15.8 | F16: =F15/5*20 -> 13.8 | G16: =G15/5*20 -> 0 | H16: =H15/5*20 -> 0 | I16: =I15/5*20 -> 0 | J16: =J15/5*20 -> 0
